Keyword,Min SearchVolume,Max Search Volume,Competition,Competition(indexed Value),Top of page bid (low range),Top of page bid (high range),
10 bedroom villa greece,10,100,Unknown,
5 best hotels in the world,10,100,Low,0,
5 star adults only all inclusive resorts,10,100,Unknown,
5 star adults only all inclusive resorts greece,10,100,Unknown,
5 star all inclusive deals,0,10,Unknown,
5 star all inclusive family holidays,10,100,Unknown,
5 star all inclusive greece,10,100,Medium,45,0.09,0.34,
5 star all inclusive holidays greece,10,100,Unknown,
5 star all inclusive hotels,10,100,Low,31,
5 star all inclusive resorts,10,100,Medium,34,0.12,0.67,
5 star all inclusive resorts greece,10,100,Medium,61,0.27,0.77,
5 star all inclusive vacations,10,100,Low,14,
5 star family all inclusive resorts,10,100,Low,21,
5 star family holidays,10,100,Low,29,
5 star family resorts,10,100,Medium,38,
5 star family resorts greece,10,100,Medium,54,
5 star getaways,10,100,Low,0,
5 star greece,10,100,Medium,49,0.31,0.99,
5 star greek island hotels,10,100,Medium,39,0.14,0.43,
5 star holiday resorts,10,100,Unknown,
5 star holidays greece,10,100,Low,5,
5 star honeymoon resorts,10,100,Unknown,
5 star hotel greece private pool,10,100,Medium,33,
5 star hotels athens riviera,10,100,Medium,46,
5 star hotels greece adults only,10,100,Unknown,
5 star hotels in ,10,100,Unknown,
5 star hotels in athens city centre,10,100,High,71,0.18,2.07,
5 star hotels in athens greece,10,100,Medium,59,0.22,1.05,
5 star hotels in greece,100,1,Medium,34,0.13,0.57,
5 star hotels in greece all inclusive,10,100,Medium,37,0.13,0.63,
5 star hotels in greece for families,10,100,High,67,0.19,0.62,
5 star hotels in greece on the beach,10,100,Unknown,
5 star hotels in zante all inclusive,10,100,Unknown,
5 star hotels peloponnese greece,10,100,Low,22,0.08,5.83,
5 star inclusive resorts,10,100,Low,7,
5 star island resorts,10,100,Unknown,
5 star kid friendly all inclusive resorts,0,10,Unknown,
5 star kid friendly resorts,10,100,Unknown,
5 star last minute vacations,0,10,Unknown,
5 star luxury all inclusive resorts,10,100,Low,0,
5 star luxury hotels in greece,10,100,High,86,
5 star luxury resorts,10,100,Low,8,
5 star resorts,10,100,Low,4,0.33,2.73,
5 star resorts near me,10,100,Low,1,
5 star romantic getaways,10,100,Unknown,
5 star rv resorts,0,10,Unknown,
5 star spa resorts,10,100,Low,14,
5 star spa resorts near me,10,100,Low,14,
5 star trips,10,100,Low,14,
5 star vacation deals,10,100,Unknown,
5 star vacations,10,100,Low,5,
5 star villas in greece,10,100,Unknown,
5 star weekend getaways,10,100,Unknown,
7 star hotel greece,10,100,Low,17,0.05,0.26,
a chauffeur,10,100,Low,4,
a luxury villas,10,100,Medium,56,0.36,0.91,
a shofer,10,100,Unknown,
a shofer driver,10,100,Unknown,
a spa resort,10,100,Low,0,
ab chauffeurs,10,100,Unknown,
adults only boutique hotels greece,10,100,Low,0,
adults only greece,10,100,Medium,47,0.14,0.65,
adults only luxury resorts,10,100,Low,0,
adults only spa resorts,10,100,Medium,46,
adventure luxury travel,10,100,Unknown,
affordable 5 star all inclusive resorts,10,100,Medium,57,
affordable all inclusive spa resorts,10,100,Unknown,
affordable luxury all inclusive resorts,0,10,Unknown,
affordable luxury resorts,10,100,Unknown,
affordable luxury travel,10,100,Low,10,
affordable luxury vacation destinations,10,100,Low,0,
affordable luxury vacations,10,100,Low,0,
affordable spa getaways,10,100,Unknown,
affordable spa resorts,10,100,Unknown,
agr chauffeurs,10,100,Unknown,
airport chauffeur,10,100,Low,13,0.45,1.30,
airport chauffeur cars,10,100,Unknown,
airport chauffeur service,10,100,High,100,
airport concierge service,10,100,Low,25,
airport luxury transfers,10,100,High,100,
airport transfer chauffeur,10,100,Low,0,
all chauffeur,10,100,Low,3,
all chauffeur services,10,100,Low,0,
all exclusive beach resorts,0,10,Unknown,
all exclusive family holidays,10,100,Low,21,
all exclusive honeymoon resorts,10,100,Unknown,
all in luxury services,10,100,Low,0,
all inclusive adults only greece,10,100,Medium,45,0.14,0.66,
all inclusive all adults resorts,10,100,Unknown,
all inclusive luxury family holidays,10,100,High,68,
all inclusive luxury vacations,10,100,Medium,64,
all inclusive private island,10,100,Medium,43,
all inclusive resort and spa,10,100,Unknown,
all inclusive resort spas near me,10,100,Unknown,
all inclusive resorts in athens greece,10,100,Medium,50,0.19,2.10,
all inclusive resorts top 10,10,100,Low,18,0.30,0.61,
all inclusive resorts with plunge pools,10,100,Unknown,
all inclusive resorts with private villas,10,100,High,71,
all inclusive resorts with villas,10,100,Medium,41,
all inclusive resorts with villas for families,10,100,High,100,
all inclusive resorts with villas for groups,10,100,High,68,
all inclusive spa getaways,10,100,Unknown,
all inclusive spa resort,10,100,Medium,43,0.20,0.60,
all inclusive villas greece,10,100,High,100,0.60,2.96,
all star chauffeur service,10,100,Low,0,
all star chauffeured services,10,100,Unknown,
amazing all inclusive resorts,10,100,Unknown,
amazing hotels in greece,10,100,Medium,57,
amazing resorts,10,100,Low,2,
amk chauffeur drive,10,100,Unknown,
angel luxury suites fira,10,100,Low,23,0.07,0.28,
apartments in greece with private pool,10,100,Unknown,
aqua luxury suites greece,10,100,Low,0,
aqua suites greece,10,100,Unknown,
aria luxury airport transfer,0,10,Unknown,
arion resort athens,10,100,Medium,64,
around the world by private jet,10,100,Low,6,
athenaeum luxury suites athens,10,100,Medium,41,0.14,0.46,
athenaeum palace & luxury suites athens,10,100,Medium,45,0.09,0.68,
athenaeum palace and luxury suites athens,10,100,Low,14,
athenaeum palace athens greece,10,100,Low,14,
athenaeum palace luxury suites athens,10,100,Unknown,
athenaeum suites athens,10,100,Low,26,0.14,0.62,
athens 5 star hotels,100,1,Medium,42,0.14,0.91,
athens beach hotels 5 star,10,100,High,100,
athens best hotels 5 star,10,100,Medium,57,0.17,2.01,
athens edition luxury suites,10,100,Medium,57,0.10,0.32,
athens grande bretagne,10,100,Low,27,0.23,1.10,
athens luxury,10,100,Low,30,0.10,0.93,
athens luxury suites athens,10,100,Medium,45,0.10,0.53,
athens mansion luxury,10,100,Low,29,0.27,2.01,
athens mansion suites,10,100,Low,32,0.10,0.70,
athens plaza luxury apartments,10,100,Low,0,
athens version luxury suites,10,100,Medium,54,0.16,1.03,
athina luxury suites greece,10,100,Unknown,
athina suites fira,10,100,Low,7,
atp luxury travel,10,100,Low,29,
atrium platinum greece,10,100,Low,0,
atrium platinum hotel greece,10,100,Unknown,
autovip transport,10,100,Low,0,
avaton luxury resort zakynthos,10,100,Low,0,
avaton luxury villas greece,10,100,Unknown,
avaton luxury villas resort greece,10,100,Medium,52,0.40,2.42,
avaton nea roda,10,100,Low,29,
avenue chauffeured transportation,10,100,Unknown,
avis chauffeur service,10,100,Low,11,
azur boutique hotel greece,10,100,Low,29,
beach luxury vacations,10,100,High,86,
beach resorts athens,10,100,Low,20,0.20,1.39,
beach resorts in athens greece,10,100,Medium,45,0.25,2.34,
beachfront accommodation greece,10,100,High,67,
beachfront greece,10,100,Medium,50,
beachfront villas greece,10,100,High,75,0.63,2.32,
beautiful hotels in greece,10,100,Low,24,0.22,0.46,
beautiful resorts,10,100,Low,2,
beautiful villas in greece,10,100,High,100,
belmond train journeys,10,100,Low,0,
belmond train trips,10,100,Unknown,
belvedere hotel zakynthos,10,100,Medium,43,0.19,0.94,
belvedere suites zante,10,100,Unknown,
belvedere zante,10,100,Low,21,0.09,0.98,
bentley chauffeur,10,100,Low,8,
bentley chauffeur service,10,100,Low,14,
bespoke holiday companies,10,100,Unknown,
bespoke luxury holidays,10,100,Medium,48,
bespoke travel company,10,100,Low,14,
bespoke travel greece,10,100,Low,7,
best 5 star all inclusive,10,100,Unknown,
best 5 star all inclusive family resorts,10,100,Unknown,
best 5 star all inclusive resorts,10,100,Low,0,
best 5 star family resorts,10,100,Low,21,
best 5 star hotels in athens,10,100,Medium,43,0.11,1.46,
best 5 star hotels in greece,10,100,Low,30,0.11,0.69,
best 5 star resorts,10,100,Medium,43,
best 5 star resorts in greece,10,100,Unknown,
best 5 star resorts in the world,10,100,Unknown,
best adults only resort,10,100,Low,21,
best adults only resorts in the world,10,100,Unknown,
best all inclusive in the world,10,100,Low,0,
best all inclusive island resorts,10,100,Low,14,
best all inclusive mediterranean resorts,10,100,Low,0,
best all inclusive spa resorts,10,100,Low,17,
best all inclusive villas,0,10,Unknown,
best all inclusive wellness resorts,10,100,Unknown,
best beach hotels in athens,10,100,Medium,52,0.43,1.87,
best beach hotels in greece,10,100,Medium,47,0.23,0.97,
best beach hotels in greece for families,10,100,Medium,63,0.25,1.07,
best beach hotels in the world,10,100,Low,7,
best beach hotels near athens,10,100,High,100,
best beach resort vacations,10,100,Unknown,
best beach resorts,10,100,Low,9,0.14,0.77,
best beach resorts in athens greece,10,100,Unknown,
best beach resorts in greece,10,100,Medium,42,0.24,1.02,
best beach resorts in greece for couples,10,100,Unknown,
best beach resorts in greece for families,10,100,Medium,64,
best beach spa resorts,10,100,Unknown,
best beachfront all inclusive resorts,10,100,Unknown,
best beachfront resorts,10,100,Unknown,
best beachfront villas,10,100,High,86,
best boutique all inclusive resorts,10,100,Unknown,
best boutique hotels athens,10,100,High,72,0.33,2.03,
best boutique hotels athens greece,10,100,High,71,0.79,2.17,
best boutique hotels greece,10,100,Medium,38,0.15,0.92,
best eco resorts in the world,10,100,Low,10,
best five star all inclusive resorts,10,100,Medium,50,
best glamping vacations,0,10,Unknown,
best golf and spa resorts,10,100,Low,0,
best golf spa resorts,10,100,Unknown,
best hotel getaways,10,100,Unknown,
best hotel in greece for honeymoon,10,100,Medium,35,0.16,0.43,
best hotel in the world,1,10,Low,7,0.19,0.91,
best hotel peloponnese,10,100,Medium,57,0.14,0.72,
best hotel resorts near me,10,100,Unknown,
best hotels for a romantic getaway,10,100,Unknown,
best hotels for kids greece,10,100,Medium,38,
best hotels for kids in greece,10,100,Unknown,
best hotels for romantic getaway,10,100,Unknown,
best hotels in fira greece,10,100,Unknown,
best hotels in greece,100,1,Medium,42,0.14,0.59,
best hotels in greece all inclusive,10,100,Medium,36,0.20,0.95,
best hotels in greece for couples,10,100,Low,29,
best hotels in greece for families,10,100,Medium,48,0.20,0.89,
best hotels in greece with private pools,10,100,Low,29,
best hotels in monemvasia,10,100,High,71,0.12,0.42,
best hotels in peloponnese greece,10,100,Medium,59,0.31,0.91,
best hotels on greek islands,10,100,Medium,40,0.14,0.54,
best hotels sultanahmet,10,100,High,79,0.24,1.11,
best hotels to stay in greece,10,100,Unknown,
best hotels to visit,10,100,Low,14,
best island resorts,10,100,Low,4,
best island resorts for couples,10,100,Unknown,
best island resorts for families,10,100,Unknown,
best island resorts in the world,10,100,Low,12,
best luxury adventure vacations,10,100,Unknown,
best luxury all inclusive,10,100,Unknown,
best luxury all inclusive family resorts,10,100,Low,21,
best luxury all inclusive resorts,10,100,Low,28,
best luxury beach resorts,10,100,Low,2,
best luxury beach resorts in the world,10,100,Low,5,
best luxury beach vacations,10,100,Unknown,
best luxury destinations,10,100,Unknown,
best luxury dive resorts,10,100,Low,14,
best luxury experiences,10,100,Low,0,
best luxury family holidays,10,100,Medium,43,
best luxury family hotels greece,10,100,Low,0,
best luxury family resorts,10,100,Medium,36,0.11,4.60,
best luxury family resorts greece,10,100,Medium,43,
best luxury family resorts in the world,10,100,Unknown,
best luxury family vacations,10,100,Unknown,
best luxury holiday destinations,10,100,Unknown,
best luxury hotel deals,10,100,Medium,41,0.30,1.45,
best luxury hotels in athens,10,100,High,69,0.37,2.21,
best luxury hotels in athens greece,10,100,High,71,
best luxury hotels in greece,10,100,Medium,42,0.15,0.53,
best luxury island resorts,10,100,Medium,43,
best luxury kid friendly resorts,10,100,Unknown,
best luxury private jet around the world trips,10,100,Unknown,
best luxury resorts,10,100,Low,6,
best luxury resorts east coast,0,10,Unknown,
best luxury resorts for kids,10,100,Unknown,
best luxury resorts in greece,10,100,Medium,40,0.30,0.76,
best luxury resorts in the world,10,100,Low,5,
best luxury spa resorts,10,100,Unknown,
best luxury train journeys,10,100,Low,10,
best luxury train trips,10,100,Low,0,
best luxury travel,10,100,Low,0,
best luxury travel agency,10,100,Medium,47,0.74,5.33,
best luxury travel destinations,10,100,Low,0,
best luxury vacation clubs,10,100,Unknown,
best luxury vacation destinations,10,100,Medium,43,
best luxury vacations,10,100,Medium,57,
best luxury vacations for couples,10,100,Unknown,
best luxury weekend getaways,10,100,Unknown,
best mediterranean resorts for couples,10,100,Low,14,
best mountain resorts in the world,10,100,Low,0,
best new all inclusive resorts,10,100,Unknown,
best private beach resorts,10,100,Low,14,
best private beach vacations,10,100,Low,0,
best private island resorts,10,100,Medium,36,0.35,2.09,
best private island vacations,10,100,Medium,43,
best private jet charter companies,10,100,Low,29,
best private jet companies in the world,10,100,Low,17,
best private jet company,10,100,Medium,43,0.38,2.53,
best private jet services,10,100,Unknown,
best private resorts,10,100,Unknown,
best relaxing all inclusive resorts,0,10,Unknown,
best relaxing resorts,10,100,High,86,
best resort and spa,10,100,Unknown,
best resort and spa near me,10,100,Unknown,
best resort brands,10,100,Low,0,
best resort destinations,10,100,Low,10,
best resort for family,10,100,Medium,36,0.18,1.15,
best resort greek islands,10,100,Low,24,0.12,0.91,
best resort holidays,10,100,Low,15,
best resort hotels in greece,10,100,Medium,43,
best resort in world,100,1,Low,6,0.24,2.37,
best resort near by me,0,10,Unknown,
best resort places,10,100,Low,0,
best resort pools east coast,0,10,Unknown,
best resort spa near me,10,100,Unknown,
best resort vacations for families,10,100,Low,18,
best resorts,10,100,Low,6,0.16,0.58,
best resorts in,10,100,Low,0,
best resorts in athens,10,100,Medium,39,0.20,0.90,
best resorts in athens greece,10,100,Medium,50,0.16,0.95,
best resorts in greece,100,1,Medium,38,0.13,0.56,
best resorts in greece for couples,10,100,Medium,40,0.23,0.83,
best resorts in greece for families,100,1,Medium,45,0.14,0.69,
best resorts in peloponnese greece,10,100,High,86,
best resorts near me,10,100,Low,29,
best resorts nearby,10,100,Low,0,
best romantic resorts,10,100,Unknown,
best romantic spa getaways,10,100,Unknown,
best secluded resorts,0,10,Unknown,
best small all inclusive resorts,10,100,Unknown,
best south goa beach resorts,10,100,Low,29,
best spa hotels in greece,10,100,Medium,45,0.15,0.59,
best spa in athens greece,10,100,Medium,34,0.24,1.05,
best spa in greece,10,100,Low,18,0.12,0.45,
best spa resorts,10,100,Low,19,
best spa resorts for girlfriends,10,100,Unknown,
best spa resorts in greece,10,100,Medium,49,0.11,0.33,
best spa resorts in the world,10,100,Low,18,
best spa resorts near me,10,100,Unknown,
best spa trips,10,100,Unknown,
best vacation resorts in the world,10,100,Unknown,
best villas in greece,10,100,High,75,0.49,2.19,
best villas in zakynthos,10,100,Unknown,
best wellness resorts,10,100,High,70,0.34,0.89,
best wellness resorts in the world,10,100,Low,26,
best winter spa resorts,10,100,Unknown,
bianca luxury villa zakynthos,10,100,Low,20,
black car chauffeur,10,100,Unknown,
black chauffeur,10,100,Low,5,
black lane luxury limousine transport,10,100,Unknown,
blacklane chauffeur,10,100,Low,28,0.69,1.29,
blacklane chauffeur service,10,100,Medium,36,0.76,1.92,
blackline chauffeur,10,100,Low,17,0.50,2.52,
blue palace greece,10,100,Low,21,0.18,0.77,
blue palace hotel greece,10,100,Medium,43,
blue palace resort & spa greece,10,100,Unknown,
blue palace resort and spa greece,10,100,Unknown,
blue palace resort greece,10,100,Low,29,
boutique all inclusive resorts,10,100,Low,29,
boutique family hotels greece,10,100,Unknown,
boutique holidays greece,10,100,Unknown,
boutique hotel athens greece,10,100,Medium,53,0.36,1.01,
boutique hotel greek islands,10,100,Low,9,0.16,1.12,
boutique hotel peloponnese,10,100,Medium,44,0.15,1.10,
boutique hotels greece,100,1,Medium,44,0.17,0.75,
boutique hotels greece beach,10,100,Medium,45,0.15,0.60,
boutique hotels in greece by the sea,10,100,High,91,0.21,0.47,
boutique villas greece,10,100,High,100,0.28,0.60,
bp luxury care,10,100,Low,0,
bq luxury travel,10,100,Unknown,
budget luxury holidays,10,100,Unknown,
business chauffeur,10,100,Low,2,
business chauffeur services,10,100,Medium,43,
butler chauffeur,10,100,Low,10,
butler's chauffeur drive,10,100,Medium,33,
cape cod resorts luxury,10,100,Medium,39,
cape cod spa resort,10,100,Medium,42,0.61,2.98,
captain's choice private jet,10,100,Low,29,
car driver chauffeur,10,100,Unknown,
car shofer,10,100,Low,0,
careys chauffeur,10,100,Low,10,
cartier service cost,10,100,Low,3,
catered villas greece,10,100,High,100,
cavo olympo greece,10,100,Medium,45,0.24,0.66,
chauffeur,10,100,Low,6,0.16,1.16,
chauffeur airport,10,100,Low,13,
chauffeur airport transfers,10,100,Low,0,
chauffeur business,10,100,Low,0,
chauffeur car,100,1,Low,12,0.13,1.29,
chauffeur car driver,10,100,Medium,57,
chauffeur car service,10,100,Medium,39,0.59,2.49,
chauffeur city,10,100,Low,25,0.57,1.85,
chauffeur drive service,10,100,Low,29,
chauffeur driver,100,1,Low,6,0.30,1.41,
chauffeur for the day,10,100,Unknown,
chauffeur limo,10,100,Low,9,
chauffeur limousine service,10,100,Medium,37,0.45,0.87,
chauffeur mercedes,10,100,Low,5,
chauffeur my car,10,100,Unknown,
chauffeur personal driver,10,100,Low,11,
chauffeur pick up,10,100,Low,0,
chauffeur prive drivers,100,1,Low,13,0.65,1.70,
chauffeur rates,0,10,Unknown,
chauffeur sedan car service,0,10,Unknown,
chauffeur service,1,10,Medium,41,0.35,1.19,
chauffeur service stansted,10,100,Low,10,
chauffeur taxis,100,1,Low,19,0.47,1.86,
chauffeur transfer,10,100,Low,23,
chauffeured by car,10,100,Unknown,
chauffeured services driver,10,100,Unknown,
chauffeured transportation,10,100,Low,20,
cheap but luxurious vacations,10,100,Unknown,
cheap luxury all inclusive resorts,10,100,Unknown,
cheap luxury beach vacations,10,100,Unknown,
cheap luxury destinations,10,100,Low,7,
cheap luxury getaways,10,100,Unknown,
cheap luxury holiday packages,10,100,Medium,57,
cheap luxury holidays for couples,10,100,Low,0,
cheap luxury hotel deals,10,100,High,81,0.29,2.37,
cheap luxury hotels near me,10,100,Unknown,
cheap luxury resorts,10,100,Low,14,
cheap luxury vacation packages,10,100,Unknown,
cheap luxury vacations,10,100,Low,31,0.39,1.08,
cheap luxury vacations all inclusive,10,100,Unknown,
cheap villas in greece,10,100,High,84,0.17,1.06,
cheap villas in zante,10,100,Unknown,
cheapest 5 star resorts,10,100,Unknown,
cheapest 5 star resorts in the world,10,100,Unknown,
cheapest luxury resorts in the world,10,100,Low,14,
cheapest private jet service,10,100,Low,24,
chic by royalton luxury resorts,10,100,Low,23,0.19,1.07,
cielo luxury villas zakynthos,10,100,Low,20,
city chauffeur,10,100,Low,10,
close protection chauffeur,10,100,Unknown,
connection chauffeur limo,10,100,Low,0,
cool hotels athens,10,100,Medium,62,0.40,2.00,
cool hotels in greece,10,100,Unknown,
coolest hotels in greece,10,100,Medium,36,
costa rican resorts,100,1,Medium,34,0.10,0.89,
couples resort and spa,10,100,Unknown,
couples resort spa,0,10,Unknown,
cross country luxury train,10,100,Unknown,
crystal cruise builder,10,100,Unknown,
crystal cruises to greece,10,100,Medium,48,0.20,1.01,
custom luxury travel,10,100,Unknown,
cv villas greece,10,100,Medium,36,
daily chauffeur service,10,100,Unknown,
dali hotel zakynthos,10,100,Low,26,0.10,0.46,
dc chauffeur,10,100,Low,21,
dc chauffeur service,0,10,Unknown,
desert spa resorts,10,100,Unknown,
design hotel greek islands,10,100,Medium,36,
design hotels greece,10,100,Low,29,0.21,1.20,
destination spa resort,10,100,Low,9,
discount luxury travel,10,100,Medium,43,
divani caravel athens greece,10,100,Medium,47,0.50,1.28,
divani caravel athens hotel,100,1,Low,31,0.14,0.66,
divani caravel hotel athens greece,10,100,Medium,34,0.33,1.23,
divani caravel hotel greece,10,100,Low,25,
divani caravel hotel in athens greece,10,100,Medium,57,
dlux travel,0,10,Unknown,
dreams luxury suites greece,10,100,Low,29,
dreams punta cana resort & spa unlimited,10,100,Unknown,
drive chauffeur,10,100,Low,6,
east coast luxury beach resorts,10,100,Unknown,
east coast spa resorts,10,100,Unknown,
eco friendly resorts,10,100,Low,11,
eco luxury travel,10,100,Low,6,
ek chauffeur,10,100,Low,0,
elect chauffeurs,10,100,Unknown,
elegance hotel zakynthos,10,100,Low,18,
elegance luxury executive suites zante greece,10,100,Unknown,
elegance luxury suites zante,10,100,Medium,36,
elegance suites zakynthos,10,100,Low,23,0.05,0.35,
elia luxury villa zakynthos,10,100,Low,27,0.10,0.38,
elite suites oia,10,100,Low,19,0.06,0.30,
elite vip shuttle,10,100,Unknown,
emilia luxury apartments syros,10,100,Low,23,0.05,1.00,
empire luxury transport,10,100,Unknown,
erietta luxury apartments zakynthos,10,100,Medium,46,0.15,1.51,
etihad airways chauffeur,10,100,Low,10,
etihad chauffeur drive,10,100,Low,6,
ets chauffeurs,10,100,Unknown,
excel chauffeurs,10,100,Unknown,
exclusive all inclusive resorts,10,100,Medium,64,
exclusive beach resorts,10,100,Low,14,
exclusive family holidays,10,100,Low,0,
exclusive greek island,10,100,Medium,57,
exclusive holiday destinations,10,100,Low,0,
exclusive holiday packages,10,100,Unknown,
exclusive hotels greece,10,100,Medium,50,
exclusive island resorts,10,100,Low,0,
exclusive luxury resorts,10,100,Low,0,
exclusive luxury travel,10,100,Low,21,
exclusive resort,100,1,Low,10,0.21,1.39,
exclusive resorts cost,10,100,Unknown,
exclusive resorts greece,10,100,Low,7,
exclusive resorts locations,10,100,Low,7,
exclusive travel destinations,10,100,Low,0,
exclusive vacation destinations,10,100,Unknown,
exotic adults only resorts,10,100,Unknown,
exotic all inclusive resorts,10,100,Unknown,
exotic car chauffeur,0,10,Unknown,
exotic car chauffeur service,10,100,Unknown,
exotic chauffeur services,0,10,Unknown,
exotic resorts,10,100,Low,10,
exotic resorts in the world,10,100,Unknown,
expensive hotels in greece,10,100,Medium,43,
expensive resort in the world,10,100,Low,0,
expensive resorts,10,100,Low,14,
expensive vacation destinations,10,100,Unknown,
falcon luxury travel,10,100,Low,7,
falcon luxury travel dmcc,10,100,Unknown,
family friendly luxury resorts,10,100,Low,0,
family luxury travel,10,100,Medium,35,
family spa resort,10,100,Medium,45,0.10,0.73,
family villa holidays greece,10,100,High,100,
family villas in greece,10,100,High,100,1.06,2.23,
famous hotels in greece,10,100,Low,23,
fancy all inclusive resorts,10,100,Unknown,
fancy resorts,10,100,Low,21,
fancy resorts near me,10,100,Unknown,
fancy vacation,10,100,Low,2,
fbo chauffeur services,10,100,Unknown,
fine hotels resort,100,1,Low,2,0.62,1.95,
five star adults only all inclusive resorts,10,100,High,86,
five star all inclusive greece,10,100,Unknown,
five star all inclusive resorts,10,100,Medium,43,
five star beach resorts,10,100,Medium,43,
five star family holidays,10,100,Unknown,
five star family resorts,10,100,Low,29,
five star greece holidays,10,100,Unknown,
five star hotels in athens,10,100,Medium,54,0.18,0.76,
five star hotels in athens greece,10,100,High,71,0.22,0.99,
five star hotels in greece,10,100,Medium,59,0.12,0.43,
five star hotels in kos,10,100,Low,14,
five star luxury resorts,10,100,Low,14,
five star luxury travel,10,100,Low,21,
five star resorts near me,10,100,Low,14,
five star vacations,10,100,Low,0,
flightlink chauffeurs,10,100,Low,7,
forbes 5 star hotels,10,100,Low,1,
forbes 5 star resorts,0,10,Unknown,
forbes 5 star spas,10,100,Low,0,
forbes five star hotel,10,100,Low,0,
forbes five star resorts,10,100,Unknown,
forbes five star spas,10,100,Low,0,
forbes luxury hotels,10,100,Low,0,
forbes luxury travel,10,100,Low,0,
four seasons hydra greece,10,100,Low,33,0.34,1.98,
four seasons jet,100,1,Low,3,1.71,5.82,
four seasons jet journey,10,100,Unknown,
four seasons jet price,10,100,Low,0,
four seasons jet tour,10,100,Low,14,
four seasons jet trips,10,100,Low,14,
four seasons luxury jet,10,100,Unknown,
four seasons luxury travel,10,100,Low,0,
four seasons new jet,10,100,Unknown,
four seasons new private jet,10,100,Low,0,
four seasons private jet,100,1,Low,10,0.81,2.51,
four seasons private jet cost,10,100,Unknown,
four seasons private jet experience,10,100,Low,9,
four seasons private jet price,10,100,Low,4,
four seasons private jet tour,10,100,Unknown,
gdm megaron luxury hotel,10,100,Low,30,0.32,1.26,
gerakas belvedere luxury suites zakynthos,10,100,Medium,43,
gerrards chauffeur,10,100,Low,7,
glamping vacation,10,100,Unknown,
global luxury travel,10,100,High,71,0.65,1.48,
global luxury travel market,10,100,Medium,43,
global vip transport,10,100,Unknown,
go luxury travel,10,100,Low,0,
going luxury holidays,10,100,Low,14,
golf spa resorts,10,100,Unknown,
good resorts for couples,10,100,Unknown,
grab chauffeur,10,100,Low,14,
grand canyon luxury resorts,10,100,Medium,44,0.16,1.62,
grand canyon spa resorts,10,100,Low,21,
grand resort lagonissi athens greece,10,100,Low,14,
grand resort lagonissi greece,10,100,Medium,57,
grande bretagne athens,1,10,Medium,34,0.18,1.00,
grande bretagne athens greece,10,100,Low,33,0.51,1.85,
grande bretagne greece,10,100,Medium,50,
great hotels in greece,10,100,Unknown,
great spa resorts,10,100,Low,14,
greece 5 star resorts,10,100,Medium,55,0.26,1.25,
greece all inclusive private pool,10,100,High,67,0.32,0.86,
greece beach resorts,10,100,Low,29,0.16,0.93,
greece beach resorts all inclusive,10,100,Low,19,
greece beach vacations,10,100,Low,9,0.14,0.47,
greece best all inclusive resorts,10,100,Medium,48,0.14,0.91,
greece best hotels 5 star,10,100,Unknown,
greece best hotels for honeymoon,10,100,Medium,57,
greece cave hotel,10,100,Low,19,0.27,1.13,
greece child friendly resort,10,100,Medium,57,
greece coastal resorts,10,100,Unknown,
greece family friendly resorts,10,100,Unknown,
greece honeymoon resort,10,100,Medium,43,
greece inclusive resorts,10,100,Unknown,
greece kid friendly resorts,10,100,Low,23,
greece luxury tours,10,100,Low,33,0.60,1.03,
greece luxury vacation,10,100,Low,11,0.50,2.09,
greece private pool,10,100,Medium,45,0.11,0.45,
greece private pool all inclusive,10,100,Unknown,
greece resort,100,1,Medium,36,0.12,0.71,
greece resort private pool,10,100,Unknown,
greece resorts 5 star,10,100,Low,29,
greece resorts with private pool,10,100,Medium,43,
greece sani resort,100,1,Low,27,0.22,1.19,
greece small hotels,100,1,Medium,38,0.13,0.71,
greece stella island,10,100,Unknown,
greece suites with private pools,10,100,Medium,47,0.34,0.96,
greece ultra all inclusive,10,100,Medium,57,
greece with private pool,10,100,Low,0,
greek holidays with private pool,10,100,Unknown,
greek hotel private pool,10,100,Low,29,
greek island holidays all inclusive 5 star,10,100,High,100,
greek island hopping holidays luxury,10,100,Unknown,
greek island hotels with private pools,10,100,Low,29,
greek island villa holidays,10,100,High,100,
greek island villas,10,100,High,80,0.61,1.99,
greek island villas with pools,10,100,High,100,
greek island villas with private pools,10,100,High,100,0.83,2.87,
greek villas boutique,10,100,Medium,65,0.48,1.69,
green chauffeurs,10,100,Low,0,
groupon luxury hotel deals,10,100,Medium,36,
gt chauffeurs,10,100,Low,0,
gulf coast luxury resorts,10,100,Unknown,
hanoi luxury house and travel,10,100,Low,27,0.43,6.79,
hellas boutique hotel,10,100,Low,16,0.19,2.73,
herberts chauffeurs,10,100,Low,0,
hermitage bay all inclusive resorts,10,100,Unknown,
high end all inclusive resorts,10,100,Low,14,
high end concierge,10,100,Low,0,
high end concierge service,10,100,Low,19,
high end family resorts,10,100,Unknown,
high end resorts,10,100,Low,5,
high end resorts near me,0,10,Unknown,
high end travel,10,100,Low,16,
high end vacations,10,100,Low,5,
hilton luxury resorts,10,100,Low,14,
hilton spa resorts,10,100,Low,24,0.30,3.84,
hip hotels greece,10,100,Medium,35,0.21,1.29,
hire a villa in greece,10,100,High,76,
holiday villas in greece with pool,10,100,Unknown,
holiday villas in greece with private pool,10,100,Unknown,
holidays with private pool greece,10,100,Unknown,
homeaway luxury,10,100,Low,14,0.51,4.70,
honeymoon villa greece,10,100,Medium,33,
hotel and spa greece,10,100,Low,27,0.09,0.62,
hotel de crillon karl lagerfeld,10,100,Low,2,
hotel de crillon renovation,10,100,Low,0,
hotel divani caravel athens greece,10,100,Low,25,0.15,1.03,
hotel grande bretagne athens,100,1,Medium,36,0.15,1.02,
hotel grande bretagne athens greece,10,100,Low,29,0.26,0.96,
hotel grande bretagne greece,10,100,Medium,49,0.20,1.91,
hotel great bretagne athens,10,100,Medium,38,0.16,0.85,
hotel resorts in greece,10,100,Medium,39,0.15,0.56,
hotel spa resorts near me,10,100,Low,29,
hotels in greece,1,10,Medium,39,0.19,0.86,
hotels peloponnese 5 star,10,100,Medium,45,0.06,2.45,
hotels with private pools greece,100,1,Medium,39,0.20,0.75,
hotels with villas greece,10,100,Low,11,
hydra four seasons hotel,10,100,Low,29,0.33,2.96,
hydra luxury hotels,10,100,Medium,55,0.18,0.82,
i chauffeur,10,100,Low,10,
ikaria greece luxury hotels,10,100,Unknown,
ikaros beach luxury resort & spa greece,10,100,Medium,50,
ikones suites rethymno,10,100,Low,32,0.18,0.88,
iltm events,10,100,Unknown,
indoor spa resort,10,100,Unknown,
ing chauffeured transportation,10,100,Unknown,
inspirato destinations,10,100,Unknown,
inspirato luxury travel,10,100,Low,0,
inspirato vacations,10,100,Unknown,
inspired luxury travel,10,100,Unknown,
international chauffeur,10,100,Low,20,
international chauffeur service,10,100,Low,20,
intertravel lux,10,100,Unknown,
intrav private jet tours,10,100,Unknown,
j and j luxury transportation,10,100,Low,29,
jackson hole luxury resort,10,100,High,100,
jackson hole spa resort,10,100,Unknown,
jaguar chauffeur,10,100,Low,12,
jetsetter secret escapes,10,100,Unknown,
jo chauffeurs,10,100,Unknown,
jonny rocks chauffeur,10,100,Unknown,
journey with luxury,0,10,Unknown,
joya luxury villas zakynthos,10,100,Unknown,
kalamata 5 star hotels,10,100,Medium,51,0.06,0.40,
kalamata luxury hotels,10,100,Medium,53,0.11,0.90,
kapten transport,10,100,Low,3,
karl lagerfeld hotel de crillon,10,100,Low,0,
kauai 5 star resorts,10,100,Low,0,
kid friendly luxury resorts,10,100,Low,14,
kirkham chauffeur services,10,100,Unknown,
kokomo private island resort,10,100,Low,21,
kos 5 star hotels,10,100,Low,22,0.10,0.46,
kos 5 star hotels all inclusive,10,100,High,69,0.15,2.04,
kos luxury hotels,10,100,Medium,41,0.17,1.13,
lake como luxury resorts,10,100,Medium,49,0.20,0.89,
lake of the ozarks luxury resorts,10,100,Unknown,
lake powell luxury resort,10,100,Medium,43,
lake tahoe 5 star resorts,10,100,High,100,
lake tahoe luxury resorts,10,100,Low,29,
large villas in greece with private pool,10,100,Unknown,
large villas to rent in greece,10,100,Unknown,
last minute chauffeur,10,100,Unknown,
last minute luxury family holidays,10,100,High,100,
last minute luxury getaways,10,100,Unknown,
last minute luxury hotel deals,10,100,High,73,0.36,2.33,
last minute luxury travel,10,100,High,100,
last minute luxury travel deals,10,100,Unknown,
last minute luxury vacation deals,10,100,Unknown,
last minute luxury vacations,10,100,Medium,43,
lavish resorts,10,100,Low,0,
lax private car service,10,100,High,100,
leading hotels greece,10,100,Low,18,
leading hotels of the world athens,10,100,Unknown,
leading hotels of the world greece,10,100,Low,21,0.08,1.01,
leading resorts of the world,10,100,Low,26,
lennox luxury vacations,10,100,Low,0,
lesante greece,10,100,Medium,33,
lesante luxury hotel & spa zakynthos,10,100,Medium,50,0.23,1.22,
lesante luxury hotel & spa zante,10,100,Medium,43,0.12,0.77,
lesante luxury hotel and spa zakynthos,10,100,Medium,39,0.25,0.77,
lesante luxury hotel and spa zante,10,100,Low,14,
lesante luxury hotel zakynthos,10,100,Medium,58,0.78,2.05,
lesante zakynthos,10,100,Medium,41,0.20,1.00,
lesante zante,10,100,Medium,37,0.08,1.22,
liana luxury travel,10,100,Unknown,
limo chauffeur,10,100,Low,3,
limo chauffeur service,10,100,Low,32,
limo driver chauffeur,10,100,Unknown,
limo shofer,10,100,Unknown,
limoso luxury transport,10,100,Low,0,
limousine chauffeur,100,1,Low,15,0.35,1.00,
limousine chauffeur service,10,100,High,71,
limousine shofer,10,100,Low,7,
list of luxury services,10,100,Unknown,
local chauffeur services,10,100,Unknown,
local spa resorts,0,10,Unknown,
local spas and resorts,0,10,Unknown,
lti luxury travel intelligence,10,100,Low,5,
luex travel,10,100,Low,2,
lux travel,10,100,Low,7,0.60,1.30,
lux travel agency,10,100,Low,11,
lux travel group,10,100,Medium,43,
lux trip,10,100,Low,4,
lux vacation,10,100,Low,10,0.54,1.97,
lux vacations,10,100,Low,10,0.54,1.97,
luxstar travel,10,100,Unknown,
luxtravel,10,100,Low,2,
luxurious places to travel,10,100,Unknown,
luxurious travels llc,10,100,Unknown,
luxury accommodation greece,10,100,Unknown,
luxury adventure,10,100,Low,17,0.65,1.12,
luxury adventure resorts,10,100,Unknown,
luxury adventure tours,10,100,Medium,57,
luxury adventure travel,10,100,Medium,36,
luxury adventure travel companies,10,100,Low,0,
luxury adventure trips,10,100,Medium,50,
luxury adventure vacation,10,100,Medium,57,
luxury airport services,10,100,Low,0,
luxury airport transfer,10,100,Medium,37,
luxury airport transport,10,100,Low,14,
luxury all inclusive deals,10,100,Unknown,
luxury all inclusive family resorts,10,100,Medium,38,0.25,1.21,
luxury all inclusive greece,10,100,Low,33,
luxury all inclusive greece adults only,10,100,Low,0,
luxury all inclusive hotels,10,100,Medium,52,0.15,1.36,
luxury all inclusive hotels in kos,10,100,Unknown,
luxury all inclusive resorts,10,100,Medium,34,0.33,1.15,
luxury all inclusive resorts adults only,10,100,Medium,43,
luxury all inclusive resorts greece,10,100,Medium,38,0.25,0.96,
luxury apartment concierge service,10,100,High,100,
luxury athens,10,100,Medium,46,0.45,1.49,
luxury beach getaway,10,100,Low,0,
luxury beach holiday destinations,10,100,Medium,43,
luxury beach hotels greece,10,100,Medium,51,0.36,1.02,
luxury beach resorts,10,100,Low,11,0.24,1.02,
luxury beach resorts greece,10,100,High,74,0.35,0.70,
luxury beach vacations,10,100,Low,0,
luxury beachfront resorts,10,100,Medium,48,
luxury boutique hotels athens,10,100,Medium,59,0.38,1.22,
luxury boutique hotels greece,10,100,Medium,39,0.18,1.09,
luxury business travel,10,100,Low,23,
luxury car airport transfer,10,100,Unknown,
luxury car chauffeur,10,100,Medium,36,1.00,3.36,
luxury car chauffeur service,10,100,Medium,57,
luxury car driver service,10,100,Unknown,
luxury car shofer,10,100,Unknown,
luxury car transfers,10,100,Medium,43,
luxury car transport,10,100,Low,16,0.36,1.01,
luxury chauffeur,10,100,Medium,34,0.43,1.19,
luxury chauffeur service,10,100,Low,22,0.52,3.34,
luxury collection greece,10,100,Low,7,
luxury collection hotels greece,10,100,Low,24,0.12,0.50,
luxury concierge,100,1,Low,20,0.48,0.93,
luxury concierge app,10,100,Low,21,
luxury concierge company,10,100,Low,29,
luxury concierge greece,10,100,Low,22,0.55,1.18,
luxury concierge service,10,100,Medium,36,0.26,0.96,
luxury couples resorts,10,100,Low,0,
luxury cruise vacations,10,100,Medium,57,
luxury customer service,10,100,Low,2,
luxury desert resorts,10,100,Unknown,
luxury destination travel,10,100,Unknown,
luxury destinations,10,100,Low,7,0.31,2.73,
luxury destinations in the world,10,100,Unknown,
luxury dive resorts,10,100,Medium,34,
luxury dmc,10,100,Low,9,
luxury equestrian vacations,10,100,Unknown,
luxury escapes greece,10,100,Medium,62,
luxury escapes tours,10,100,Low,0,
luxury escapes travel deals,10,100,Unknown,
luxury events and vip travel dmcc,10,100,Low,0,
luxury family beach resorts,10,100,Low,0,
luxury family holiday destinations,10,100,Unknown,
luxury family holidays,10,100,Low,31,0.47,2.28,
luxury family holidays greece,10,100,High,76,
luxury family hotels greece,10,100,Medium,41,0.17,0.82,
luxury family resort greece,10,100,Medium,59,0.24,0.89,
luxury family resorts,10,100,Medium,45,0.27,1.06,
luxury family resorts in spain,10,100,Medium,64,
luxury family travel companies,10,100,Unknown,
luxury family vacations,10,100,Low,31,
luxury farm vacation,10,100,Low,29,
luxury fishing resorts,10,100,Medium,50,
luxury getaway deals,10,100,Unknown,
luxury getaways,10,100,Low,29,0.41,0.85,
luxury golf resorts,10,100,Low,22,0.51,0.90,
luxury golf trips,10,100,Unknown,
luxury golf vacations,10,100,Low,14,
luxury grand canyon vacations,10,100,Medium,43,
luxury greece,10,100,Low,33,0.36,0.97,
luxury greece cruise,10,100,High,79,0.46,2.81,
luxury greece holidays,10,100,Medium,35,0.38,1.28,
luxury greece holidays all inclusive,10,100,Low,0,
luxury greek island,10,100,Medium,38,
luxury greek island cruises,10,100,Medium,63,0.60,2.80,
luxury greek island holidays,10,100,Medium,33,
luxury greek island hopping,10,100,Low,0,
luxury greek island vacation,10,100,Medium,64,
luxury greek island villas,10,100,High,79,0.66,3.53,
luxury greek resorts,100,1,Medium,41,0.27,0.93,
luxury greek villa holidays,10,100,Medium,50,
luxury hill country resorts,0,10,Unknown,
luxury holiday destinations,10,100,Medium,35,0.44,1.35,
luxury holiday destinations for couples,10,100,Medium,50,
luxury holiday package deals,0,10,Unknown,
luxury holiday packages,10,100,Medium,59,0.46,1.20,
luxury holiday resorts,10,100,Low,14,
luxury holidays in greece,10,100,Medium,48,0.49,1.22,
luxury holidays in greece for couples,10,100,Unknown,
luxury honeymoon destinations in the world,10,100,Unknown,
luxury honeymoon greece,10,100,Low,2,
luxury honeymoon resorts,10,100,Low,5,
luxury honeymoon vacations,10,100,Low,0,
luxury horseback riding vacations,10,100,High,74,0.35,0.96,
luxury hotel deals,10,100,Medium,64,0.19,1.11,
luxury hotel deals near me,10,100,Unknown,
luxury hotel greece adults only,10,100,Medium,38,0.09,1.30,
luxury hotel packages,10,100,Unknown,
luxury hotel resorts packages,10,100,Low,0,
luxury hotel sifnos,10,100,Low,27,0.25,0.83,
luxury hotel travel,10,100,Medium,38,0.21,0.56,
luxury hotel traveler,10,100,Medium,38,0.21,0.56,
luxury hotels at cheap prices,10,100,High,67,
luxury hotels at discount prices,10,100,High,100,
luxury hotels athens,100,1,Medium,48,0.26,2.00,
luxury hotels athens riviera,10,100,High,79,
luxury hotels greece,100,1,Medium,42,0.16,0.75,
luxury hotels greece all inclusive,10,100,Low,7,
luxury hotels greece islands,10,100,Medium,44,0.23,0.86,
luxury hotels hydra greece,10,100,High,71,0.29,2.21,
luxury hotels in athens greece,10,100,Medium,64,0.38,2.11,
luxury hotels in greece with private pools,10,100,Medium,36,
luxury hotels in peloponnese greece,10,100,High,69,0.14,1.10,
luxury hotels near athens,10,100,Medium,64,0.28,1.03,
luxury hotels of the world greece,10,100,Medium,57,
luxury island resorts,10,100,Low,33,0.21,1.20,
luxury island vacation,10,100,Medium,50,
luxury journey,10,100,Low,7,
luxury lake,10,100,Low,0,
luxury lake resorts,10,100,Unknown,
luxury lake tahoe,10,100,Unknown,
luxury lifestyle concierge,10,100,Low,24,
luxury lifestyle management,10,100,Low,20,
luxury lifestyle management companies,10,100,Low,14,
luxury lifestyle services,10,100,Low,0,
luxury links travel,10,100,Unknown,
luxury mediterranean vacation packages,0,10,Unknown,
luxury mountain getaways,10,100,Low,0,
luxury mountain resorts,10,100,Low,18,0.15,0.85,
luxury mountain resorts east coast,10,100,Unknown,
luxury places in greece,10,100,Unknown,
luxury places to go on holiday,10,100,Low,14,
luxury private island resorts,10,100,Medium,64,
luxury private jet companies,10,100,Unknown,
luxury private travel,10,100,Low,7,
luxury rail journeys,10,100,Medium,43,
luxury rail vacations,10,100,Unknown,
luxury resort & spa,10,100,Low,21,
luxury resort and spa,10,100,Medium,37,0.53,1.28,
luxury resort brands,10,100,Low,5,
luxury resort deals,10,100,Unknown,
luxury resort hotel,10,100,Low,15,0.31,2.66,
luxury resort villas,10,100,Low,10,
luxury resorts,100,1,Low,14,0.09,1.22,
luxury resorts and hotels,10,100,Low,10,0.22,1.38,
luxury resorts around the world,10,100,Unknown,
luxury resorts east coast,10,100,Unknown,
luxury resorts greece,100,1,Medium,41,0.27,0.93,
luxury resorts greece islands,10,100,Medium,50,0.22,1.23,
luxury resorts in greece on the beach,10,100,Unknown,
luxury resorts in the keys,10,100,Unknown,
luxury resorts in the south,10,100,Unknown,
luxury resorts in the world,10,100,Low,14,
luxury resorts near grand canyon,10,100,Unknown,
luxury resorts near me,10,100,Low,4,
luxury resorts with private pools,10,100,Unknown,
luxury retreat villas,10,100,High,75,0.78,5.03,
luxury retreats greece,10,100,High,74,0.38,2.43,
luxury retreats international,10,100,Low,29,0.42,1.07,
luxury retreats villas,10,100,High,71,
luxury road trip,10,100,Low,20,
luxury romantic getaways,10,100,Medium,34,
luxury romantic getaways near me,0,10,Unknown,
luxury romantic vacations,10,100,Low,0,
luxury rv resort,10,100,Unknown,
luxury rv resort near me,0,10,Unknown,
luxury rv resorts near me,10,100,Unknown,
luxury self catering greece,10,100,Unknown,
luxury services,100,1,Low,5,0.19,0.97,
luxury services for the wealthy,10,100,High,86,
luxury shuttle services,10,100,Medium,48,0.32,0.83,
luxury small group journeys,10,100,Unknown,
luxury spa resorts,10,100,Low,28,0.17,0.70,
luxury spa resorts near me,10,100,Low,7,
luxury spa vacation,10,100,Low,7,
luxury spanish beach resorts,10,100,Medium,40,0.21,1.47,
luxury spring break destinations,10,100,Unknown,
luxury suites athens,100,1,Medium,43,0.16,1.35,
luxury suites greece,10,100,Medium,48,0.36,1.13,
luxury summer destinations,10,100,Low,18,
luxury summer vacations,10,100,Unknown,
luxury sun holiday destinations,10,100,Unknown,
luxury tailor made travel,10,100,Low,32,
luxury teepee resort,0,10,Unknown,
luxury thai resorts,10,100,Unknown,
luxury tour company,10,100,Medium,44,0.67,2.55,
luxury tours & travel pte limited,10,100,Low,14,
luxury tours and travel pte limited,10,100,Unknown,
luxury tours of greece,10,100,Unknown,
luxury train holiday,10,100,Low,24,
luxury train vacations,10,100,Low,7,
luxury transfers,10,100,Low,29,0.23,0.73,
luxury transport,100,1,Low,9,0.43,2.05,
luxury transport greece,0,10,Unknown,
luxury transport services,10,100,Low,26,0.31,1.90,
luxury travel,1,10,Low,21,0.38,1.10,
luxury travel advisor training,10,100,Low,14,
luxury travel agency,100,1,Medium,35,0.55,1.96,
luxury travel athens,0,10,Unknown,
luxury travel brands,10,100,Low,4,
luxury travel business,10,100,Unknown,
luxury travel clubs,10,100,Low,9,
luxury travel concierge,10,100,Medium,35,
luxury travel consultant,10,100,Low,26,
luxury travel deals,10,100,Medium,49,0.26,2.43,
luxury travel destinations,10,100,Low,10,
luxury travel experiences,10,100,Medium,34,
luxury travel expert,100,1,Low,5,0.82,1.79,
luxury travel for cheap,10,100,Low,10,
luxury travel for less,10,100,Unknown,
luxury travel for singles,10,100,Medium,61,0.76,0.92,
luxury travel greece,10,100,Medium,39,0.33,1.17,
luxury travel groups,10,100,Medium,36,0.17,1.33,
luxury travel holidays,10,100,Low,0,
luxury travel in greece,10,100,Medium,57,0.62,0.93,
luxury travel intelligence,10,100,Low,9,0.82,1.76,
luxury travel international,10,100,Low,0,
luxury travel ltd,10,100,Low,7,
luxury travel market,10,100,Low,5,
luxury travel packages,10,100,Medium,35,
luxury travel planner,10,100,Medium,40,
luxury travel posh hotels,0,10,Unknown,
luxury travel services,10,100,Low,8,
luxury travel sites,10,100,Low,32,0.67,2.73,
luxury travel tour companies,10,100,Unknown,
luxury travel vacations,10,100,Unknown,
luxury travel zakynthos,0,10,Unknown,
luxury trip,10,100,Low,24,0.28,0.90,
luxury trip to greece,10,100,High,100,
luxury vacation clubs,10,100,Low,2,
luxury vacation companies,10,100,Unknown,
luxury vacation deals,10,100,Low,29,
luxury vacation destinations,10,100,Medium,43,
luxury vacation holidays & tours inc,10,100,Unknown,
luxury vacation in paradise,0,10,Unknown,
luxury vacation packages,10,100,Medium,61,0.69,1.11,
luxury vacation packages all inclusive,10,100,Unknown,
luxury vacation places,10,100,Low,29,
luxury vacation planner,10,100,Low,0,
luxury vacation resorts,10,100,Medium,43,
luxury vacation tours,10,100,Unknown,
luxury vacation travel agent,10,100,Low,29,
luxury vacation villas,10,100,Medium,40,
luxury vacations,100,1,Low,25,0.37,1.50,
luxury vacations and holidays pvt ltd,10,100,Unknown,
luxury vacations for couples,10,100,Low,14,
luxury vacations green park,0,10,Unknown,
luxury vacations in paradise,10,100,Low,0,
luxury vacations on a budget,10,100,Unknown,
luxury ventures travel,10,100,Low,0,
luxury villas athens,10,100,Medium,53,0.50,1.38,
luxury villas greece,100,1,High,70,0.68,3.22,
luxury villas in greece with private pool,10,100,High,91,0.98,4.71,
luxury villas in milos greece,10,100,High,75,0.46,2.59,
luxury villas on the beach,10,100,Low,33,0.54,1.77,
luxury villas porto heli,10,100,Medium,45,0.42,11.65,
luxury villas to rent in greece,10,100,High,73,0.82,3.61,
luxury villas zakynthos,100,1,Medium,34,0.27,2.44,
luxury weekend getaways,10,100,Low,19,
luxury wellness resorts,10,100,Medium,47,0.36,2.40,
luxury wilderness resorts,10,100,Low,29,
luxury winter breaks,10,100,Unknown,
luxury winter resorts,10,100,Low,0,
luxury winter vacations,10,100,Unknown,
luxury world travel llc,10,100,Unknown,
luxury yacht charter vacations,10,100,Unknown,
luxury yacht vacation,10,100,Low,11,
luxury zakynthos,10,100,High,81,0.23,1.07,
luxury zante holidays,10,100,Unknown,
machu picchu hotel deals,10,100,Unknown,
maine 5 star resorts,10,100,Medium,57,
mansion luxury suites athens,10,100,Medium,50,0.15,0.59,
marina bay sands 5 star hotel,10,100,Medium,43,
maybach chauffeur,10,100,Low,6,0.22,0.75,
mediterranean charter yacht vacations,10,100,Unknown,
mendip chauffeurs,0,10,Unknown,
mercedes chauffeur car,10,100,Unknown,
mercedes chauffeur service,10,100,Low,6,0.46,0.91,
midwest luxury resorts,10,100,Unknown,
milos 5 star hotels,10,100,Medium,48,0.07,0.45,
milos greece luxury hotels,10,100,Medium,43,0.15,0.58,
milos luxury accommodation,10,100,High,79,
milos luxury hotels,10,100,Medium,40,0.20,0.91,
mk luxury travel,10,100,Unknown,
modern all inclusive resorts,10,100,Unknown,
modern villas greece,10,100,Low,11,
monemvasia luxury suites,10,100,Unknown,
moni emvasis luxury suites monemvasia,10,100,Medium,36,0.25,0.85,
montecristo estates vacation villas,0,10,Unknown,
monthly chauffeur service,10,100,Unknown,
most amazing all inclusive resorts,10,100,Unknown,
most amazing resorts in the world,10,100,Low,0,
most beautiful all inclusive resorts,10,100,Low,0,
most beautiful beach resorts,10,100,Low,0,
most beautiful hotels in greece,10,100,Low,14,
most beautiful resorts,10,100,Low,2,
most beautiful resorts in greece,10,100,Low,29,
most beautiful resorts in the world,10,100,Low,0,
most exclusive all inclusive resorts,10,100,Unknown,
most exclusive beach resorts,10,100,Low,2,
most exclusive holiday destinations,10,100,Low,0,
most exclusive honeymoon destinations,10,100,Unknown,
most exclusive resorts,10,100,Low,0,
most exclusive resorts in the world,10,100,Low,4,
most exclusive vacation destinations,10,100,Unknown,
most expensive all inclusive resorts,10,100,Low,0,
most expensive beach resort,10,100,Unknown,
most expensive beach resort in the world,10,100,Low,5,
most expensive holiday resort,10,100,Unknown,
most expensive hotel in athens,10,100,Medium,36,
most expensive hotel in greece,10,100,Low,13,0.27,0.62,
most expensive island in greece,10,100,Low,5,
most expensive island resort,10,100,Unknown,
most expensive island resort in the world,10,100,Low,0,
most expensive island vacation,10,100,Low,0,
most expensive resort,10,100,Low,5,
most expensive resort in the world,10,100,Low,0,
most expensive sandals resort,0,10,Unknown,
most expensive vacation in the world,10,100,Low,0,
most expensive vacations,10,100,Low,3,
most luxurious all inclusive resorts,10,100,Low,0,
most luxurious beach resorts,10,100,Unknown,
most luxurious beach resorts in the world,10,100,Low,0,
most luxurious destinations,10,100,Low,0,
most luxurious destinations in the world,10,100,Unknown,
most luxurious holiday destinations,10,100,Low,14,
most luxurious holiday destinations in the world,10,100,Unknown,
most luxurious honeymoon destinations,10,100,Unknown,
most luxurious honeymoon resorts,10,100,Unknown,
most luxurious hotels in greece,10,100,Medium,36,0.13,0.64,
most luxurious places to travel,10,100,Unknown,
most luxurious resorts,10,100,Low,1,
most luxurious resorts in the world,10,100,Low,13,
most luxurious sandals resort,0,10,Unknown,
most luxurious travel destinations,10,100,Unknown,
most luxurious vacation destinations,10,100,Unknown,
most luxurious vacation spots,10,100,Unknown,
most luxurious vacations,10,100,Medium,43,
most luxurious vacations in the world,10,100,Unknown,
most relaxing all inclusive resorts,10,100,Unknown,
most relaxing resorts,10,100,Low,0,
most relaxing resorts in the world,10,100,Unknown,
most romantic beach resorts,10,100,Low,14,
mr and mrs smith luxury hotels,10,100,Low,14,
murrell chauffeur drive,0,10,Unknown,
museum hotel greece,10,100,Medium,48,0.11,0.44,
my chauffeur limousine service,10,100,Medium,60,0.52,1.00,
my personal chauffeur,10,100,Low,4,
mystique greece,10,100,Low,5,
mystique hotel greece,10,100,Low,16,0.20,0.97,
new beach resort,10,100,Low,10,
new century chauffeurs,10,100,Unknown,
nice hotels in athens greece,10,100,Unknown,
nice hotels in greece,10,100,Medium,46,0.25,0.83,
nice resorts in greece,10,100,Low,0,
nice resorts near me,10,100,Unknown,
nicest hotels in greece,10,100,Low,0,
nihi sumba best hotel in the world,10,100,Low,14,
oia 5 star hotels,10,100,Medium,57,
oia luxury hotels,10,100,Low,28,0.47,1.97,
oia luxury villas,10,100,Unknown,
oia vip suites,100,1,Low,22,0.28,0.81,
omega chauffeurs,10,100,Unknown,
one and only luxury resorts,10,100,Unknown,
one of the best hotel in the world,10,100,Medium,43,
only resort,10,100,Low,0,
outdoor spa resort,10,100,Unknown,
panorama luxury nikiana,10,100,Low,23,0.04,0.19,
personal chauffeur,10,100,Low,4,
personal chauffeur service,10,100,Low,0,
personal driver chauffeur,10,100,Low,0,
personal driver shofer,10,100,Medium,43,
personal shofer,10,100,Low,5,
personal shofer driver,10,100,Unknown,
pet friendly luxury resorts,10,100,Unknown,
pet friendly spa resorts,10,100,Unknown,
pino di loto luxury apartments syros,10,100,Unknown,
porto heli hotels 5 star,10,100,Medium,61,0.11,1.20,
porto heli luxury hotels,10,100,Medium,56,0.11,0.51,
porto heli villas,10,100,High,80,0.35,6.01,
porto kea suites luxury hotel,10,100,Medium,43,0.20,0.51,
porto zante,100,1,Low,21,0.08,2.55,
porto zante greece,10,100,Medium,42,0.20,2.52,
porto zante villas & spa zakynthos greece,10,100,Medium,56,0.47,2.59,
porto zante villas and spa greece,10,100,Low,12,
porto zante villas and spa zakynthos greece,10,100,Medium,36,0.17,2.51,
porto zante villas greece,10,100,Unknown,
porto zante villas zakynthos greece,10,100,Medium,57,
porto zante zakynthos,10,100,Low,25,0.07,1.22,
porto zante zakynthos greece,10,100,Low,29,
posh holiday destinations,10,100,Unknown,
premier chauffeur,10,100,Low,24,0.42,0.56,
premier chauffeur drive,10,100,Unknown,
premier chauffeur service,10,100,Unknown,
premier chauffeured transportation,10,100,Unknown,
premium chauffeur cars,10,100,Unknown,
premium chauffeur service,10,100,Low,1,
premium chauffeurs,10,100,Low,4,
premium family holidays,10,100,High,71,
prestige chauffeurs,10,100,Low,14,
private beach getaways,10,100,Unknown,
private beach greece,10,100,Low,9,
private beach resorts,10,100,Low,24,0.20,0.88,
private beach resorts for couples,10,100,Low,0,
private car chauffeur,10,100,High,71,
private chauffeur,100,1,Low,32,0.16,0.87,
private chauffeur service,10,100,Low,21,
private driver chauffeur,10,100,Low,3,
private hot tub getaways,10,100,Unknown,
private island all inclusive resorts,10,100,Low,29,
private island getaway,10,100,High,71,
private island resorts,10,100,Low,25,0.52,3.95,
private island vacation,10,100,Medium,36,0.63,3.64,
private island vacation packages,10,100,Unknown,
private jet charter,100,1,Medium,58,0.73,4.45,
private jet charter company,10,100,High,69,0.46,4.83,
private jet charter cost per hour,10,100,Medium,57,
private jet charter membership,10,100,Unknown,
private jet charter quick quote,10,100,Unknown,
private jet charters near me,10,100,Unknown,
private jet expeditions,10,100,Low,14,
private jet holidays,10,100,Medium,57,
private jet journeys,10,100,Low,0,
private jet membership cost,10,100,High,79,
private jet services cost,10,100,Medium,52,0.57,1.93,
private jet sharing app,10,100,Low,17,
private jet tours,10,100,Medium,43,0.51,2.51,
private jet tours around the world,10,100,Low,29,
private jet world tour,10,100,Low,24,
private limo,10,100,Low,4,
private pool greece holidays,10,100,Unknown,
private pool holidays greece,10,100,High,100,
private pool suites in greece,10,100,Unknown,
private resorts,100,1,Low,2,0.63,32.09,
private shofer,10,100,Low,10,
private suites in greece,10,100,Low,29,
private villas in greece,10,100,High,73,0.57,2.30,
private villas to rent in greece,10,100,Unknown,
private yacht vacations,10,100,Unknown,
professional chauffeur,10,100,Low,7,
professional chauffeur service,10,100,Low,2,0.36,1.22,
professional driver chauffeur,10,100,Unknown,
pure luxury bus,10,100,Unknown,
pure luxury limo,10,100,Low,0,
pure luxury limousine,10,100,Unknown,
pure luxury travel,10,100,Low,0,
queen of clubs lifestyle luxury services,10,100,Low,14,
quintess vacations,10,100,Low,0,
quintessentially concierge service,10,100,Low,0,
regent suites,10,100,Low,10,0.26,1.36,
relax destination spa,0,10,Unknown,
relaxing resorts,10,100,Low,18,0.29,0.69,
remote luxury resorts,10,100,Unknown,
remote resorts,10,100,Low,20,
remote romantic getaways,10,100,Unknown,
resort and spa packages near me,0,10,Unknown,
resort island,100,1,Low,20,0.21,0.97,
resort peloponnese,10,100,Medium,50,
resort spa packages near me,0,10,Unknown,
resorts and spa,100,1,Low,15,0.10,0.83,
resorts beach,1,10,Low,9,0.26,2.24,
resorts for couples,10,100,Low,13,0.31,1.73,
resorts in athens,10,100,Medium,34,0.14,0.76,
resorts in athens greece,10,100,Medium,42,0.14,0.93,
resorts with beaches,10,100,Low,27,0.14,2.23,
resorts with spa packages,10,100,Unknown,
ritz carlton butler service,10,100,Low,14,
ritz carlton private jet,10,100,Low,29,
rolls royce driver service,10,100,Low,14,
rolls royce phantom chauffeur,10,100,Low,0,
romanos beach greece,10,100,Low,19,
romanos beach peloponnese,10,100,Low,0,
romanos greece,10,100,Low,6,
romanos hotel greece,10,100,Low,17,0.21,0.89,
romanos hotel peloponnese,10,100,Medium,54,0.24,1.22,
romanos kalamata,10,100,Low,23,
romanos luxury collection hotel peloponnese,10,100,Low,0,
romanos peloponnese,10,100,Low,10,
romanos resort greece,10,100,Low,31,0.22,1.65,
romantic all inclusive beach resorts,0,10,Unknown,
romantic getaways with private hot tubs,0,10,Unknown,
romantic getaways with spa,10,100,Medium,34,
romantic resort & spa,10,100,Unknown,
romantic resort and spa,10,100,Low,29,
romantic spa getaway near me,10,100,Low,29,
romantic spa resort,10,100,Low,13,0.45,0.96,
rose chauffeured,10,100,Unknown,
royal airport concierge service,10,100,Low,14,
royal mansour pool,10,100,Low,0,
royalton luxury resort,10,100,Low,17,0.17,0.75,
rundle cliffs mountain lodge,10,100,Medium,43,
rural chauffeur,0,10,Unknown,
savvas luxury suites zakynthos,10,100,Low,33,0.22,1.37,
sea dream cruises greece,10,100,Unknown,
sea of cortez luxury resorts,10,100,Unknown,
seamless chauffeur,10,100,Unknown,
secluded island resorts,10,100,Unknown,
secluded resorts,10,100,Low,21,
secret escapes grecia,10,100,Low,30,0.15,1.87,
secret escapes greece all inclusive,10,100,Medium,39,
secrets resort & spa,10,100,Low,31,0.23,0.69,
secrets resort and spa,10,100,Low,31,0.19,0.82,
secrets spa and resorts,10,100,Medium,57,
serviced villas greece,10,100,High,100,
shofer,100,1,Low,2,
shofer car driver,10,100,Low,14,
shofer driver,10,100,Low,3,0.27,4.05,
shofer service,10,100,Low,0,
shofer taxi,10,100,Low,0,
silver limo chauffeurs,0,10,Unknown,
simply greece villas,10,100,Unknown,
sites like secret escapes,10,100,Low,5,
sixt chauffeur service,100,1,Medium,36,0.27,1.10,
sky lux travel,10,100,Low,10,0.57,5.10,
skyfall luxury suites greece,10,100,Unknown,
slh greece,10,100,Low,12,0.18,0.52,
slh hotels greece,10,100,Low,20,0.18,0.37,
small boutique hotels greece,10,100,Medium,39,0.26,0.95,
small group luxury tours,10,100,Unknown,
small hotel in oia castle,10,100,Medium,50,
small hotels greece on the beach,10,100,High,90,0.20,0.47,
small leading hotels of the world greece,10,100,Medium,34,
small luxury boutique hotels greece,10,100,Medium,43,
small luxury hotels athens,10,100,High,80,0.26,1.45,
small luxury hotels greece,10,100,Medium,49,0.19,0.88,
small luxury hotels of the world greece,10,100,Low,31,0.21,0.65,
small luxury hotels travel agent,10,100,Low,0,
smart luxury hotels,10,100,Low,25,0.22,0.74,
smith luxury limo,0,10,Unknown,
smule vip,100,1,Low,2,0.23,0.80,
solstice oia,10,100,Low,21,
sophia luxury suites greece,10,100,High,100,
southern cross chauffeur drive,10,100,Unknown,
spa and resort packages,10,100,Low,0,
spa getaway for one,0,10,Unknown,
spa getaways east coast,10,100,Unknown,
spa greece,100,1,Low,16,0.10,0.30,
spa holidays greece,10,100,Low,29,
spa hotels greece,100,1,Medium,47,0.08,0.58,
spa in resorts world,10,100,Low,24,0.11,0.83,
spa inclusive resorts,10,100,Medium,57,
spa luxury hotels,10,100,Low,29,0.13,0.98,
spa resort,1,10,Low,16,0.12,0.51,
spa resort deals,10,100,Unknown,
spa resort getaways,10,100,Unknown,
spa resort getaways near me,10,100,Low,14,
spa resort hotels,100,1,Low,25,0.13,0.57,
spa resort packages,10,100,Low,0,
spa resort packages near me,10,100,Unknown,
spa resort vacations,10,100,Low,7,
spa resorts for couples,10,100,Medium,43,
spa resorts greece,10,100,Low,18,0.06,0.37,
spa trip for 2,10,100,Medium,51,0.18,0.52,
spa trip near me,10,100,Low,7,
spa wellness resort,10,100,Low,26,0.24,2.36,
spas and resorts near me,10,100,Low,7,0.19,1.07,
star chauffeurs,10,100,Low,0,
stella island luxury resort greece,10,100,Medium,48,0.17,0.72,
stella island resort greece,10,100,Low,29,
strack chauffeured transportation,10,100,Unknown,
strictly moose luxury vacation suites,10,100,Low,29,
sueno luxury villa zakynthos,10,100,Medium,57,
suites in greece,10,100,Low,24,
suv chauffeur service,10,100,High,86,
taxi chauffeurs,10,100,Unknown,
the best adults all inclusive resorts,10,100,Unknown,
the best hotels in greece,10,100,Medium,42,0.15,0.48,
the best resort,10,100,Low,14,
the best resorts in greece,10,100,Medium,55,0.22,0.88,
the chauffeur bus,10,100,Unknown,
the grande bretagne athens,10,100,Medium,34,0.10,0.35,
the grande bretagne hotel athens,10,100,Medium,38,
the lesante luxury hotel & spa zakynthos,10,100,Medium,44,0.52,2.43,
the lesante luxury hotel & spa zakynthos greece,10,100,Unknown,
the lesante luxury hotel & spa zante,10,100,Low,19,0.13,0.65,
the lesante zakynthos,10,100,Medium,43,
the lux travel group,10,100,Low,6,
the luxury travel group,10,100,Low,6,
the most expensive hotel in greece,10,100,Low,14,
the most expensive vacation,10,100,Unknown,
the private chauffeur,10,100,Low,0,
the westin resort greece,10,100,Medium,33,
the westin resort peloponnese greece,10,100,Low,0,
the white palace greece,10,100,Unknown,
tinos luxury hotels,10,100,Medium,46,0.08,0.46,
tinos luxury villas,10,100,Medium,52,0.26,2.27,
top 10 beach resorts,10,100,Low,7,
top 10 best hotels in world,10,100,Low,7,0.19,1.07,
top 10 hotels in greece,10,100,Low,29,0.08,0.37,
top 10 luxury destinations in the world,0,10,Unknown,
top 10 luxury holiday destinations,10,100,Low,0,
top 10 luxury resorts in the world,10,100,Low,0,
top 10 private jet charter companies,10,100,High,71,
top 10 resort in the world,10,100,Low,3,
top 10 resorts,10,100,Low,6,
top 10 spa resorts,10,100,Unknown,
top 25 all inclusive resorts,10,100,Medium,36,
top 5 all inclusive resorts,10,100,Low,23,
top 5 best hotels in the world,10,100,Low,0,
top 5 hotels in the world,10,100,Low,4,
top 5 resorts,10,100,Unknown,
top 5 star all inclusive resorts,10,100,Unknown,
top beach resorts,10,100,Low,14,
top best hotel in the world,10,100,Low,4,
top hotels in athens greece,10,100,Medium,59,0.45,1.74,
top hotels in greece,10,100,Medium,36,0.11,0.38,
top hotels in greece islands,10,100,Medium,43,
top hotels in the world,100,1,Low,9,0.20,2.02,
top hotels of the world,10,100,Low,14,
top luxury all inclusive resorts,10,100,Unknown,
top luxury beach resorts,10,100,Low,29,
top luxury concierge,10,100,Medium,43,
top luxury destinations,10,100,Low,7,
top luxury destinations in the world,10,100,Unknown,
top luxury experiences in the world,10,100,Unknown,
top luxury family resorts,10,100,Low,0,
top luxury holiday destinations,10,100,Low,0,
top luxury honeymoon destinations,10,100,Unknown,
top luxury hotels in athens,10,100,High,69,0.37,2.35,
top luxury hotels in greece,10,100,Medium,48,
top luxury resorts,10,100,Low,10,
top luxury resorts in the world,10,100,Low,0,
top luxury travel agencies,10,100,Medium,43,
top luxury travel destinations,10,100,Low,19,
top luxury vacation destinations,10,100,Unknown,
top luxury vacations,10,100,Unknown,
top rated all inclusive resorts,10,100,Unknown,
top rated hotels,10,100,Low,5,
top rated hotels in the world,10,100,Low,3,
top rated resorts,0,10,Unknown,
top resort destinations,10,100,Unknown,
top resorts,10,100,Low,19,0.09,0.91,
top resorts in greece,10,100,Medium,44,0.18,0.57,
top resorts in world,10,100,Low,0,
top romantic all inclusive resorts,0,10,Unknown,
top spa resorts,10,100,Medium,50,0.06,0.40,
top spa resorts near me,10,100,Low,0,
top ten hotels in greece,10,100,Unknown,
top ten resorts,10,100,Low,0,
top villas greece,10,100,High,67,0.38,1.18,
top wellness resorts in the world,10,100,Low,4,
touring car chauffeur,10,100,Unknown,
transport prive aeroport,10,100,Medium,60,0.27,0.88,
travel and luxury,10,100,Low,0,
travel lux,10,100,Low,13,0.03,0.69,
travel luxury expert,10,100,Low,6,
turtle island resort,10,100,Low,16,0.11,0.64,
ultra all inclusive resorts,10,100,Medium,50,
ultra inclusive resorts,10,100,High,67,
ultra luxury holidays,10,100,Medium,57,
ultra luxury hotels,10,100,Low,5,
ultra luxury resorts,10,100,Low,0,
ultra luxury travel,10,100,Unknown,
ultra luxury villas,10,100,Medium,44,0.49,1.22,
unique hotels greece,10,100,Low,21,
unique luxury travel,10,100,Low,4,
unique villas greece,10,100,Medium,34,0.30,2.14,
unlimited luxury resorts,10,100,Unknown,
up private jet,10,100,Low,0,
upscale all inclusive resorts,0,10,Unknown,
upscale beach resort,10,100,Unknown,
upscale resort,10,100,Medium,35,
vacation on a yacht,10,100,Low,18,0.36,0.72,
vacation spas near me,10,100,Unknown,
vacations to go crystal cruises,10,100,Unknown,
vale prestige chauffeurs,10,100,Low,0,
valet chauffeur,10,100,Low,14,
van chauffeur,10,100,Low,17,
van chauffeur service,10,100,Medium,57,0.47,1.55,
van luxury limo,10,100,Unknown,
victory chauffeur,10,100,Unknown,
villa by the sea greece,10,100,High,80,0.78,2.22,
villa holidays greece,10,100,High,84,0.61,2.66,
villa in zante with pool,10,100,Low,0,
villa resorts greece,10,100,Medium,46,
villa with private beach greece,10,100,Medium,57,0.33,1.50,
villas for couples in greece,10,100,Unknown,
villas for rent in greece on the beach,10,100,High,100,0.54,3.84,
villas in greece,1,10,Medium,63,0.46,2.30,
villas in greece near beach,10,100,High,100,
villas in greece to rent with pools,10,100,High,100,
villas in greece with pool,10,100,High,68,0.66,1.92,
villas in greece with private pool,10,100,High,70,0.45,2.31,
villas in greece with private pool near beach,10,100,Low,0,
villas in zakynthos with private pool,10,100,Low,22,0.15,0.58,
villas in zante with private pool,10,100,High,100,
villas island greece,10,100,Medium,46,0.59,0.94,
villas on the beach greece,10,100,Medium,53,0.60,2.80,
villas to rent greek islands,10,100,High,89,0.82,2.84,
villas to rent in greece,100,1,High,81,0.53,2.52,
villas to rent in greece near beach,10,100,High,100,
villas to rent in greece with pool,10,100,High,71,
villas to rent in greece with private pool,10,100,High,100,
villas with chef,10,100,High,86,
villas with chef service,10,100,Unknown,
vip 3,100,1,Low,19,
vip brother most wanted,10,100,Low,0,
vip chauffeur,10,100,Low,26,0.34,1.37,
vip chauffeur service,10,100,Low,32,0.41,2.71,
vip concierge,10,100,Low,12,0.43,3.54,
vip greece,10,100,Low,14,0.39,1.85,
vip limousines,100,1,Low,6,0.32,2.07,
vip serije,1,10,Low,0,
vip shuttle services,10,100,Low,23,0.51,7.51,
vip star,100,1,Low,16,0.02,0.48,
vip suites greece,10,100,Medium,43,
vip transport,100,1,Low,2,0.36,0.68,
vip transport company,10,100,Low,0,
vip transport east,10,100,Unknown,
vip transport service,10,100,Low,18,
wedding limo service,10,100,Low,0,
wedding limo service near me,10,100,Unknown,
wedding villas greece,10,100,Medium,35,0.62,3.61,
weekend spa getaways,10,100,Medium,41,0.18,0.61,
weekend spa getaways for one,10,100,Unknown,
weekend spa resort,10,100,Low,22,0.23,0.41,
wellness hotel greece,10,100,Low,23,
wellness resort and spa,10,100,Medium,50,0.38,2.37,
wellness resorts,100,1,Medium,52,0.25,0.77,
westin resort greece,10,100,Low,24,
wheely chauffeur,10,100,Low,29,0.31,14.19,
white lotus athens,10,100,Low,29,
white palace greece,10,100,Medium,57,
white palace hotel greece,10,100,Medium,43,
white palace rethymnon,10,100,Medium,45,0.19,1.64,
wine country resorts,10,100,Low,14,
winter spa resorts,10,100,Low,15,
world luxury hotels,10,100,Low,26,0.21,1.53,
world luxury travel,10,100,Low,6,0.82,0.92,
world of luxury travel,10,100,Unknown,
world's best all inclusive resorts,10,100,Low,15,0.12,0.72,
world's best beach resorts,10,100,Low,4,
world's best resorts for families,10,100,Unknown,
world's best wellness resorts,10,100,Low,29,
world's finest hotels,10,100,Low,12,0.21,1.57,
world's most expensive holiday destinations,10,100,Low,0,
your chauffeur,10,100,Low,11,
zakynthos 5 star hotels,10,100,Medium,44,0.06,0.86,
zakynthos 5 star resorts,10,100,Low,29,
zakynthos luxury hotels,10,100,Medium,51,0.16,0.98,
zakynthos villas with private pool,10,100,Low,21,0.49,1.77,
zante 5 star hotels,10,100,Medium,43,
zante best resorts,10,100,Medium,38,0.15,0.35,
zante boutique hotels,10,100,High,68,0.09,0.59,
zante luxury hotels,10,100,Medium,46,0.13,0.64,
zante luxury villas,10,100,Medium,38,0.34,1.72,
zen luxury travels,10,100,Low,6,
6 star all inclusive resorts,10,100,Unknown,
6 star hotel greece,10,100,Low,13,0.22,0.40,
best luxury hiking vacations,10,100,Unknown,
hiking and spa resorts,10,100,Medium,43,
king palace hotel athens,10,100,Low,20,0.13,0.48,
chauffeur drive service emirates,10,100,Low,6,
chauffeur emirates,100,1,Low,8,1.32,2.17,
emirates airlines chauffeur,10,100,Low,7,
emirates airlines chauffeur service,10,100,Low,14,
emirates airlines limo service,10,100,Unknown,
emirates blacklane,10,100,Low,29,
emirates business chauffeur service,10,100,Low,10,
emirates business limousine service,10,100,Low,14,
emirates car service,10,100,Low,18,
emirates chauffeur car,10,100,Low,7,
emirates chauffeur destinations,10,100,Unknown,
emirates chauffeur drive,100,1,Low,8,1.09,2.17,
emirates chauffeur drive cars,10,100,Unknown,
emirates chauffeur drive cities,10,100,Low,0,
emirates chauffeur service,100,1,Low,7,0.45,1.83,
emirates chauffeur service cities,10,100,Unknown,
emirates chauffeur transfers,10,100,Unknown,
emirates limo,10,100,Low,18,
emirates limo service,10,100,Low,14,0.57,2.16,
emirates limo transfers,10,100,Low,14,
emirates limousine,10,100,Low,11,1.90,2.80,
emirates limousine service,10,100,Low,12,0.55,2.48,
all inclusive ranch resorts,10,100,High,71,
luxury dude ranch vacations,10,100,Unknown,
luxury family dude ranch,0,10,Unknown,
luxury guest ranch,10,100,Unknown,
luxury ranch holidays,10,100,Medium,57,
luxury ranch resorts,10,100,Low,0,
luxury ranch vacation,10,100,Medium,43,
cpw chauffeur services,10,100,Unknown,
best european all inclusive beach resorts,10,100,Low,23,
luxury european destinations,10,100,Low,6,
luxury european family holidays,10,100,Medium,50,
luxury european resorts,10,100,Low,20,0.12,1.04,
4 seasons private jet,10,100,Unknown,
4 star hotels in greece,10,100,Medium,57,
4 star hotels in greece all inclusive,10,100,Unknown,
4 star resorts near me,10,100,Unknown,
47 luxury suites athens greece,10,100,Medium,34,0.22,0.90,
greek villas 4 rent,10,100,Medium,52,0.43,1.04,
luxury gay travel,10,100,Medium,45,
best boutique hotels 2019,10,100,Low,17,
best hotels in greece 2019,10,100,Medium,45,0.15,0.38,
best luxury family vacations 2019,10,100,Low,0,
best luxury holiday destinations 2019,10,100,Unknown,
best luxury hotels 2019,10,100,Low,7,
best resorts in the world 2019,10,100,Low,5,
crystal cruise greece 2019,10,100,Unknown,
crystal cruises greece 2020,10,100,Low,29,
forbes 5 star hotels 2019,10,100,Low,0,
four seasons jet 2021,10,100,Unknown,
holiday villas in greece 2019,10,100,Unknown,
luxury destinations 2019,10,100,Low,7,
luxury escapes greece 2019,10,100,Unknown,
luxury greece holidays 2019,10,100,Unknown,
luxury holidays greece 2019,10,100,Unknown,
luxury holidays in greece 2019,10,100,Unknown,
luxury holidays to greece 2019,10,100,Unknown,
luxury travel 2019,10,100,Unknown,
luxury travel destinations 2019,10,100,Unknown,
top 20 all inclusive resorts,10,100,Low,7,
top 20 best hotels in the world,10,100,Low,0,
top 20 luxury hotels in the world,10,100,Unknown,
top hotels of the world 2019,10,100,Low,9,
top luxury destinations 2019,10,100,Unknown,
top resorts in the world 2019,10,100,Unknown,
villas in greece 2019,10,100,Unknown,
villas to rent greece 2019,10,100,High,100,
abc chauffeured limousines,10,100,Unknown,
aman private jet,10,100,Low,8,0.76,1.78,
aman private jet tour cost,10,100,Unknown,
aman resort greece,10,100,Low,26,0.14,1.04,
aman resort hotel,10,100,Low,18,
greece aman,100,1,Low,19,0.24,0.99,
camargo chauffeur,10,100,Unknown,
chloe luxury hotel kastoria,10,100,Low,25,0.05,0.41,
arkadia zante,10,100,Medium,57,
exclusive travel agents,10,100,Low,29,
high end travel agents,10,100,Low,26,0.82,2.34,
luxury honeymoon travel agents,10,100,Unknown,
luxury retreats travel agents,10,100,Low,21,
luxury travel agents near me,0,10,Unknown,
meganisi luxury villas,10,100,High,71,
greece infinity pool villas,10,100,Medium,50,0.34,2.09,
hotels in greece with private infinity pools,10,100,Unknown,
private infinity pool greece,10,100,Unknown,
chauffeur booking,10,100,Medium,39,0.47,1.11,
corinthia hotel booking,10,100,Medium,57,
etihad chauffeur booking,10,100,Low,0,
grande bretagne athens booking,10,100,Medium,43,0.24,0.74,
luxury travel booking,10,100,Medium,36,0.38,1.89,
private jet booking price,10,100,Medium,50,
private jet bookings,10,100,Medium,51,0.34,2.50,
emirates chauffeur booking,10,100,Low,9,
emirates chauffeur drive booking,10,100,Low,6,
emirates chauffeur service booking,10,100,Low,11,
smithys chauffeured services,0,10,Unknown,
kapten uber,100,1,Low,16,0.94,18.21,
uber for private jets,10,100,Low,28,0.51,2.20,
belvedere hotel & luxury suites in vassilikos zante greece,10,100,Low,14,
zicasso handcrafted travel,10,100,Low,0,
braithwaites chauffeurs,10,100,Low,0,
charlton chauffeur drive,10,100,Unknown,
klm chauffeur service,10,100,Low,29,
spetses hotels 5 star,10,100,High,71,
spetses luxury hotels,10,100,Medium,46,0.16,0.83,
portman chauffeurs,10,100,Low,0,
tradewinds luxury vacations,10,100,Low,2,
blue carpet greece,10,100,Unknown,
blue carpet luxury suites greece,10,100,Low,29,
blue carpet suites greece,10,100,Low,0,
best vip chauffeured worldwide,10,100,Low,14,
devine's worldwide chauffeur services,10,100,Low,0,
limousine worldwide,10,100,Low,29,0.82,2.80,
mib worldwide chauffeured services,10,100,Unknown,
worldwide chauffeur,10,100,Low,23,
worldwide chauffeur service,10,100,Medium,63,
worldwide chauffeured transportation,10,100,Unknown,
